{
    "cli": true,
    "adapterName": "smaho-c",
    "title": "SmaHo-C",
    "description": "Steuerung E-Installation",
    "expert": "no",
    "features": ["adapter"],
    "adminFeatures": [],
    "type": "hardware",
    "startMode": "daemon",
    "connectionType": "local",
    "dataSource": "push",
    "connectionIndicator": "no",
    "language": "TypeScript",
    "adminReact": "no",
    "tools": ["ESLint", "Prettier"],
    "releaseScript": "no",
    "devServer": "no",
    "indentation": "Space (4)",
    "quotes": "double",
    "es6class": "yes",
    "authorName": "t5b6de",
    "authorGithub": "t5b6de",
    "authorEmail": "tberen@t5b6.de",
    "gitRemoteProtocol": "HTTPS",
    "gitCommit": "no",
    "license": "MIT License",
    "ci": "gh-actions",
    "dependabot": "no",
    "creatorVersion": "1.34.1"
}
